mode;beta;split_by;seed;test_size;group_stratify;macd_enabled;guardrails_enabled;calibration;n_train;n_test;pos_train;pos_test;llm_max;llm_used;review_requested;review_selected;auto_coverage;auto_tp;auto_fp;auto_fn;auto_tn;auto_precision;auto_recall;auto_f1;auto_fbeta;oracle_tp;oracle_fp;oracle_fn;oracle_tn;oracle_precision;oracle_recall;oracle_f1;oracle_fbeta;exp_tp;exp_fp;exp_fn;exp_tn;exp_precision;exp_recall;exp_f1;exp_fbeta;fp_fn_ratio;sweep;llm_budget
vigilancia;2.0;comprec;42;0.3;True;True;True;ml_rf;43361;18335;173;74;2000;112;126;112;0.9938914644123261;62.0;0.0;1.0;18160.0;1.0;0.9841269841269841;0.992;0.9872611464968153;73.0;0.0;1.0;18261.0;1.0;0.9864864864864865;0.9931972789115646;0.989159891598916;72.25;4.319999999999999;1.75;18256.68;0.9435810369596449;0.9763513513513513;0.9596865245400811;0.9696164479158279;0.1;cost_ratio;
vigilancia;2.0;comprec;123;0.3;True;True;True;ml_rf;43329;18367;173;74;2000;120;128;120;0.9934665432569282;54.0;0.0;2.0;18191.0;1.0;0.9642857142857143;0.9818181818181818;0.9712230215827338;72.0;0.0;2.0;18293.0;1.0;0.972972972972973;0.9863013698630136;0.9782608695652174;70.69000000000001;4.419999999999999;3.3100000000000005;18288.579999999998;0.9411529756357342;0.9552702702702702;0.9481590771913353;0.95241303117674;0.1;cost_ratio;
vigilancia;2.0;comprec;456;0.3;True;True;True;ml_rf;42979;18717;173;74;2000;167;190;167;0.9910776299620666;61.0;0.0;0.0;18489.0;1.0;1.0;1.0;1.0;74.0;0.0;0.0;18643.0;1.0;1.0;1.0;1.0;73.17;7.04;0.83;18635.960000000003;0.912230395212567;0.9887837837837838;0.9489656961286557;0.9724621886712208;0.1;cost_ratio;
vigilancia;2.0;comprec;789;0.3;True;True;True;ml_rf;43497;18199;173;74;2000;134;145;134;0.9926369580746195;61.0;0.0;0.0;18004.0;1.0;1.0;1.0;1.0;74.0;0.0;0.0;18125.0;1.0;1.0;1.0;1.0;72.98;5.49;1.02;18119.510000000002;0.9300369567987766;0.9862162162162162;0.9573030760149537;0.9744438806847011;0.1;cost_ratio;
vigilancia;2.0;comprec;2024;0.3;True;True;True;ml_rf;43230;18466;173;74;2000;120;136;120;0.993501570453807;53.0;0.0;3.0;18290.0;1.0;0.9464285714285714;0.9724770642201835;0.9566787003610109;71.0;0.0;3.0;18392.0;1.0;0.9594594594594594;0.9793103448275862;0.9673024523160763;69.57000000000001;4.34;4.430000000000001;18387.66;0.9412799350561494;0.940135135135135;0.9407071868027854;0.9403638722932606;0.1;cost_ratio;
confirmacao;0.5;comprec;42;0.3;True;True;True;ml_rf;43361;18335;173;74;1000;108;120;108;0.9941096263976003;59.0;0.0;1.0;18167.0;1.0;0.9833333333333333;0.9915966386554622;0.9966216216216216;73.0;0.0;1.0;18261.0;1.0;0.9864864864864865;0.9931972789115646;0.9972677595628415;72.02000000000001;3.9600000000000004;1.9799999999999998;18257.04;0.9478810213214005;0.9732432432432432;0.9603947192959061;0.9528471634208299;0.1;cost_ratio;
confirmacao;0.5;comprec;123;0.3;True;True;True;ml_rf;43329;18367;173;74;1000;115;122;115;0.9937387706212228;48.0;0.0;3.0;18201.0;1.0;0.9411764705882353;0.9696969696969697;0.9876543209876543;71.0;0.0;3.0;18293.0;1.0;0.9594594594594594;0.9793103448275862;0.9916201117318436;69.49;3.9800000000000004;4.51;18289.02;0.945828229209201;0.939054054054054;0.9424289686037839;0.9444655866043274;0.1;cost_ratio;
confirmacao;0.5;comprec;456;0.3;True;True;True;ml_rf;42979;18717;173;74;1000;166;187;166;0.9911310573275631;55.0;0.0;0.0;18496.0;1.0;1.0;1.0;1.0;74.0;0.0;0.0;18643.0;1.0;1.0;1.0;1.0;72.88000000000001;6.7;1.12;18636.3;0.9158079919577783;0.9848648648648648;0.9490819117072536;0.9288336052202284;0.1;cost_ratio;
confirmacao;0.5;comprec;789;0.3;True;True;True;ml_rf;43497;18199;173;74;1000;131;141;131;0.9928018022968295;55.0;0.0;0.0;18013.0;1.0;1.0;1.0;1.0;74.0;0.0;0.0;18125.0;1.0;1.0;1.0;1.0;72.65;4.99;1.35;18120.01;0.935729005667182;0.9817567567567569;0.9581904510683197;0.9445860203869357;0.1;cost_ratio;
confirmacao;0.5;comprec;2024;0.3;True;True;True;ml_rf;43230;18466;173;74;1000;121;135;121;0.9934474168742554;44.0;0.0;3.0;18298.0;1.0;0.9361702127659575;0.967032967032967;0.9865470852017937;71.0;0.0;3.0;18392.0;1.0;0.9594594594594594;0.9793103448275862;0.9916201117318436;69.15;3.92;4.85;18388.079999999998;0.9463528123716983;0.9344594594594595;0.9403685319915688;0.9439499836190891;0.1;cost_ratio;
vigilancia;2.0;comprec;42;0.3;True;True;True;ml_rf;43361;18335;173;74;2000;105;117;105;0.9942732478865558;62.0;0.0;1.0;18167.0;1.0;0.9841269841269841;0.992;0.9872611464968153;73.0;0.0;1.0;18261.0;1.0;0.9864864864864865;0.9931972789115646;0.989159891598916;72.25;3.9600000000000004;1.75;18257.04;0.9480383151817348;0.9763513513513513;0.9619865521603088;0.970554257005454;0.2;cost_ratio;
vigilancia;2.0;comprec;123;0.3;True;True;True;ml_rf;43329;18367;173;74;2000;112;119;112;0.9939021070397996;54.0;0.0;3.0;18198.0;1.0;0.9473684210526315;0.972972972972973;0.9574468085106383;71.0;0.0;3.0;18293.0;1.0;0.9594594594594594;0.9793103448275862;0.9673024523160763;69.77;4.04;4.23;18288.96;0.945264869258908;0.9428378378378378;0.9440497936540154;0.9433222465590437;0.2;cost_ratio;
vigilancia;2.0;comprec;456;0.3;True;True;True;ml_rf;42979;18717;173;74;2000;160;180;160;0.9914516215205428;61.0;0.0;0.0;18496.0;1.0;1.0;1.0;1.0;74.0;0.0;0.0;18643.0;1.0;1.0;1.0;1.0;73.17;6.7;0.83;18636.3;0.9161136847376987;0.9887837837837838;0.9510625852992786;0.9733418469151569;0.2;cost_ratio;
vigilancia;2.0;comprec;789;0.3;True;True;True;ml_rf;43497;18199;173;74;2000;126;137;126;0.9930765426671795;61.0;0.0;0.0;18012.0;1.0;1.0;1.0;1.0;74.0;0.0;0.0;18125.0;1.0;1.0;1.0;1.0;72.98;5.05;1.02;18119.95;0.9352813020633091;0.9862162162162162;0.9600736696704596;0.9755901933000027;0.2;cost_ratio;
vigilancia;2.0;comprec;2024;0.3;True;True;True;ml_rf;43230;18466;173;74;2000;115;129;115;0.9937723383515651;53.0;0.0;3.0;18295.0;1.0;0.9464285714285714;0.9724770642201835;0.9566787003610109;71.0;0.0;3.0;18392.0;1.0;0.9594594594594594;0.9793103448275862;0.9673024523160763;69.57000000000001;4.04;4.430000000000001;18387.96;0.9451161526966444;0.940135135135135;0.9426190637490685;0.9411271340061145;0.2;cost_ratio;
confirmacao;0.5;comprec;42;0.3;True;True;True;ml_rf;43361;18335;173;74;1000;104;116;104;0.9943277883828743;59.0;0.0;1.0;18171.0;1.0;0.9833333333333333;0.9915966386554622;0.9966216216216216;73.0;0.0;1.0;18261.0;1.0;0.9864864864864865;0.9931972789115646;0.9972677595628415;72.02000000000001;3.72;1.9799999999999998;18257.28;0.950884605228413;0.9732432432432432;0.9619340189662082;0.9552737691001697;0.2;cost_ratio;
confirmacao;0.5;comprec;123;0.3;True;True;True;ml_rf;43329;18367;173;74;1000;112;118;112;0.9939021070397996;48.0;0.0;3.0;18204.0;1.0;0.9411764705882353;0.9696969696969697;0.9876543209876543;71.0;0.0;3.0;18293.0;1.0;0.9594594594594594;0.9793103448275862;0.9916201117318436;69.49;3.8600000000000003;4.51;18289.14;0.9473755964553511;0.939054054054054;0.9431964709874449;0.9456995100707676;0.2;cost_ratio;
confirmacao;0.5;comprec;456;0.3;True;True;True;ml_rf;42979;18717;173;74;1000;162;182;162;0.9913447667895496;55.0;0.0;0.0;18500.0;1.0;1.0;1.0;1.0;74.0;0.0;0.0;18643.0;1.0;1.0;1.0;1.0;72.88000000000001;6.46;1.12;18636.54;0.9185782707335519;0.9848648648648648;0.9505673666362331;0.9311120196238758;0.2;cost_ratio;
confirmacao;0.5;comprec;789;0.3;True;True;True;ml_rf;43497;18199;173;74;1000;129;139;129;0.9929116984449695;55.0;0.0;0.0;18015.0;1.0;1.0;1.0;1.0;74.0;0.0;0.0;18125.0;1.0;1.0;1.0;1.0;72.65;4.8100000000000005;1.35;18120.19;0.9379034340304673;0.9817567567567569;0.9593291958272812;0.9463578574406002;0.2;cost_ratio;
confirmacao;0.5;comprec;2024;0.3;True;True;True;ml_rf;43230;18466;173;74;1000;120;134;120;0.993501570453807;44.0;0.0;3.0;18299.0;1.0;0.9361702127659575;0.967032967032967;0.9865470852017937;71.0;0.0;3.0;18392.0;1.0;0.9594594594594594;0.9793103448275862;0.9916201117318436;69.15;3.86;4.85;18388.14;0.9471305300643748;0.9344594594594595;0.9407523297734848;0.9445688995738171;0.2;cost_ratio;
vigilancia;2.0;comprec;42;0.3;True;True;True;ml_rf;43361;18335;173;74;2000;98;110;98;0.9946550313607854;62.0;0.0;1.0;18174.0;1.0;0.9841269841269841;0.992;0.9872611464968153;73.0;0.0;1.0;18261.0;1.0;0.9864864864864865;0.9931972789115646;0.989159891598916;72.25;3.5200000000000005;1.75;18257.48;0.9535436188465092;0.9763513513513513;0.9648127128263336;0.9717029346101085;0.5;cost_ratio;
vigilancia;2.0;comprec;123;0.3;True;True;True;ml_rf;43329;18367;173;74;2000;103;109;103;0.99439211629553;51.0;0.0;4.0;18209.0;1.0;0.9272727272727272;0.9622641509433962;0.940959409594096;70.0;0.0;4.0;18293.0;1.0;0.9459459459459459;0.9722222222222222;0.9562841530054644;68.78;3.52;5.220000000000001;18289.48;0.951313969571231;0.9294594594594595;0.9402597402597402;0.9337496606027695;0.5;cost_ratio;
vigilancia;2.0;comprec;456;0.3;True;True;True;ml_rf;42979;18717;173;74;2000;154;169;154;0.9917721857135224;58.0;0.0;0.0;18505.0;1.0;1.0;1.0;1.0;74.0;0.0;0.0;18643.0;1.0;1.0;1.0;1.0;73.08;6.18;0.9199999999999999;18636.820000000003;0.9220287660862984;0.9875675675675676;0.9536734960198356;0.973724884080371;0.5;cost_ratio;
vigilancia;2.0;comprec;789;0.3;True;True;True;ml_rf;43497;18199;173;74;2000;126;136;126;0.9930765426671795;58.0;0.0;0.0;18015.0;1.0;1.0;1.0;1.0;74.0;0.0;0.0;18125.0;1.0;1.0;1.0;1.0;72.89;4.8100000000000005;1.1099999999999999;18120.19;0.9380952380952381;0.985;0.9609756097560974;0.9752475247524752;0.5;cost_ratio;
vigilancia;2.0;comprec;2024;0.3;True;True;True;ml_rf;43230;18466;173;74;2000;115;126;115;0.9937723383515651;48.0;0.0;3.0;18300.0;1.0;0.9411764705882353;0.9696969696969697;0.9523809523809523;71.0;0.0;3.0;18392.0;1.0;0.9594594594594594;0.9793103448275862;0.9673024523160763;69.42;3.7800000000000002;4.58;18388.219999999998;0.9483606557377049;0.9381081081081082;0.9432065217391303;0.9401408450704226;0.5;cost_ratio;
confirmacao;0.5;comprec;42;0.3;True;True;True;ml_rf;43361;18335;173;74;1000;98;110;98;0.9946550313607854;59.0;0.0;2.0;18176.0;1.0;0.9672131147540983;0.9833333333333333;0.9932659932659933;72.0;0.0;2.0;18261.0;1.0;0.972972972972973;0.9863013698630136;0.994475138121547;71.12;3.4600000000000004;2.8800000000000003;18257.54;0.95360686511129;0.9610810810810811;0.9573293848431821;0.9550923936398797;0.5;cost_ratio;
confirmacao;0.5;comprec;123;0.3;True;True;True;ml_rf;43329;18367;173;74;1000;105;111;105;0.9942832253498122;48.0;0.0;4.0;18210.0;1.0;0.9230769230769231;0.96;0.9836065573770492;70.0;0.0;4.0;18293.0;1.0;0.9459459459459459;0.9722222222222222;0.9887005649717514;68.59;3.44;5.41;18289.56;0.9522421213383313;0.9268918918918919;0.9393960145175649;0.9470617474870209;0.5;cost_ratio;
confirmacao;0.5;comprec;456;0.3;True;True;True;ml_rf;42979;18717;173;74;1000;153;167;153;0.9918256130790191;55.0;0.0;0.0;18509.0;1.0;1.0;1.0;1.0;74.0;0.0;0.0;18643.0;1.0;1.0;1.0;1.0;72.88000000000001;6.02;1.12;18636.980000000003;0.9237008871989861;0.9848648648648648;0.953302812295618;0.9353182751540041;0.5;cost_ratio;
confirmacao;0.5;comprec;789;0.3;True;True;True;ml_rf;43497;18199;173;74;1000;126;134;126;0.9930765426671795;55.0;0.0;0.0;18018.0;1.0;1.0;1.0;1.0;74.0;0.0;0.0;18125.0;1.0;1.0;1.0;1.0;72.65;4.6899999999999995;1.35;18120.31;0.939358675976209;0.9817567567567569;0.9600898638826484;0.9475427796327212;0.5;cost_ratio;
confirmacao;0.5;comprec;2024;0.3;True;True;True;ml_rf;43230;18466;173;74;1000;118;127;118;0.9936098776129102;44.0;0.0;3.0;18301.0;1.0;0.9361702127659575;0.967032967032967;0.9865470852017937;71.0;0.0;3.0;18392.0;1.0;0.9594594594594594;0.9793103448275862;0.9916201117318436;69.15;3.72;4.85;18388.28;0.9489501852614245;0.9344594594594595;0.9416490774154014;0.9460161978767647;0.5;cost_ratio;
vigilancia;2.0;comprec;42;0.3;True;True;True;ml_rf;43361;18335;173;74;2000;97;109;97;0.9947095718571038;57.0;0.0;2.0;18179.0;1.0;0.9661016949152542;0.9827586206896551;0.9726962457337884;72.0;0.0;2.0;18261.0;1.0;0.972972972972973;0.9863013698630136;0.9782608695652174;71.11;3.2800000000000002;2.89;18257.72;0.955908052157548;0.960945945945946;0.9584203787317206;0.959934123491455;1.0;cost_ratio;
vigilancia;2.0;comprec;123;0.3;True;True;True;ml_rf;43329;18367;173;74;2000;102;107;102;0.994446561768389;48.0;0.0;4.0;18213.0;1.0;0.9230769230769231;0.96;0.9375;70.0;0.0;4.0;18293.0;1.0;0.9459459459459459;0.9722222222222222;0.9562841530054644;68.66;3.28;5.340000000000001;18289.72;0.9544064498192938;0.9278378378378378;0.9409346306701384;0.9330325596564658;1.0;cost_ratio;
vigilancia;2.0;comprec;456;0.3;True;True;True;ml_rf;42979;18717;173;74;2000;149;163;149;0.9920393225410055;54.0;0.0;0.0;18514.0;1.0;1.0;1.0;1.0;74.0;0.0;0.0;18643.0;1.0;1.0;1.0;1.0;72.9;5.72;1.1;18637.280000000002;0.9272449758331214;0.9851351351351352;0.9553138513956232;0.9729859591052267;1.0;cost_ratio;
vigilancia;2.0;comprec;789;0.3;True;True;True;ml_rf;43497;18199;173;74;2000;125;133;125;0.9931314907412495;50.0;0.0;2.0;18022.0;1.0;0.9615384615384616;0.9803921568627451;0.9689922480620154;72.0;0.0;2.0;18125.0;1.0;0.972972972972973;0.9863013698630136;0.9782608695652174;70.7;4.449999999999999;3.3;18120.55;0.9407850964737192;0.9554054054054054;0.9480388870264834;0.9524451030580628;1.0;cost_ratio;
vigilancia;2.0;comprec;2024;0.3;True;True;True;ml_rf;43230;18466;173;74;2000;118;125;118;0.9936098776129102;43.0;0.0;3.0;18302.0;1.0;0.9347826086956522;0.9662921348314607;0.947136563876652;71.0;0.0;3.0;18392.0;1.0;0.9594594594594594;0.9793103448275862;0.9673024523160763;69.17;3.64;4.83;18388.36;0.950006867188573;0.9347297297297298;0.9423063823990192;0.937745722729861;1.0;cost_ratio;
confirmacao;0.5;comprec;42;0.3;True;True;True;ml_rf;43361;18335;173;74;1000;95;106;95;0.9948186528497409;59.0;0.0;2.0;18179.0;1.0;0.9672131147540983;0.9833333333333333;0.9932659932659933;72.0;0.0;2.0;18261.0;1.0;0.972972972972973;0.9863013698630136;0.994475138121547;71.12;3.2800000000000002;2.8800000000000003;18257.72;0.9559139784946237;0.9610810810810811;0.9584905660377359;0.9569429494079655;1.0;cost_ratio;
confirmacao;0.5;comprec;123;0.3;True;True;True;ml_rf;43329;18367;173;74;1000;102;107;102;0.994446561768389;48.0;0.0;4.0;18213.0;1.0;0.9230769230769231;0.96;0.9836065573770492;70.0;0.0;4.0;18293.0;1.0;0.9459459459459459;0.9722222222222222;0.9887005649717514;68.59;3.28;5.41;18289.72;0.9543620425768748;0.9268918918918919;0.9404264070747926;0.9487385194201615;1.0;cost_ratio;
confirmacao;0.5;comprec;456;0.3;True;True;True;ml_rf;42979;18717;173;74;1000;147;161;147;0.9921461772719987;54.0;0.0;0.0;18516.0;1.0;1.0;1.0;1.0;74.0;0.0;0.0;18643.0;1.0;1.0;1.0;1.0;72.85000000000001;5.64;1.15;18637.36;0.9281437125748503;0.9844594594594593;0.9554724899993443;0.9388854521084649;1.0;cost_ratio;
confirmacao;0.5;comprec;789;0.3;True;True;True;ml_rf;43497;18199;173;74;1000;121;129;121;0.9933512830375295;53.0;0.0;2.0;18023.0;1.0;0.9636363636363636;0.9814814814814815;0.9925093632958801;72.0;0.0;2.0;18125.0;1.0;0.972972972972973;0.9863013698630136;0.994475138121547;70.79;4.409999999999999;3.21;18120.59;0.9413563829787235;0.9566216216216217;0.9489276139410188;0.9443703308431164;1.0;cost_ratio;
confirmacao;0.5;comprec;2024;0.3;True;True;True;ml_rf;43230;18466;173;74;1000;117;124;117;0.9936640311924618;43.0;0.0;3.0;18303.0;1.0;0.9347826086956522;0.9662921348314607;0.9862385321100917;71.0;0.0;3.0;18392.0;1.0;0.9594594594594594;0.9793103448275862;0.9916201117318436;69.12;3.62;4.88;18388.38;0.9502337091009073;0.9340540540540541;0.9420744173367862;0.9469530907496712;1.0;cost_ratio;
vigilancia;2.0;comprec;42;0.3;True;True;True;ml_rf;43361;18335;173;74;2000;96;105;96;0.9947641123534224;50.0;0.0;2.0;18187.0;1.0;0.9615384615384616;0.9803921568627451;0.9689922480620154;72.0;0.0;2.0;18261.0;1.0;0.972972972972973;0.9863013698630136;0.9782608695652174;70.8;2.86;3.2;18258.14;0.9611729568286723;0.9567567567567568;0.9589597724502235;0.9576367472812854;2.0;cost_ratio;
vigilancia;2.0;comprec;123;0.3;True;True;True;ml_rf;43329;18367;173;74;2000;105;108;105;0.9942832253498122;43.0;0.0;4.0;18215.0;1.0;0.9148936170212766;0.9555555555555556;0.9307359307359307;70.0;0.0;4.0;18293.0;1.0;0.9459459459459459;0.9722222222222222;0.9562841530054644;68.44;3.2;5.5600000000000005;18289.800000000003;0.9553322166387492;0.9248648648648649;0.9398516890964022;0.9308018713959308;2.0;cost_ratio;
vigilancia;2.0;comprec;456;0.3;True;True;True;ml_rf;42979;18717;173;74;2000;148;162;148;0.9920927499065021;48.0;0.0;0.0;18521.0;1.0;1.0;1.0;1.0;74.0;0.0;0.0;18643.0;1.0;1.0;1.0;1.0;72.67;5.34;1.33;18637.660000000003;0.9315472375336495;0.982027027027027;0.9561213078086968;0.9714980882864095;2.0;cost_ratio;
vigilancia;2.0;comprec;789;0.3;True;True;True;ml_rf;43497;18199;173;74;2000;116;122;116;0.9936260234078795;48.0;0.0;2.0;18033.0;1.0;0.96;0.9795918367346939;0.967741935483871;72.0;0.0;2.0;18125.0;1.0;0.972972972972973;0.9863013698630136;0.9782608695652174;70.64;3.75;3.36;18121.250000000004;0.9495899986557333;0.9545945945945946;0.9520857200619987;0.9535894597586329;2.0;cost_ratio;
vigilancia;2.0;comprec;2024;0.3;True;True;True;ml_rf;43230;18466;173;74;2000;120;126;120;0.993501570453807;35.0;0.0;3.0;18308.0;1.0;0.9210526315789473;0.958904109589041;0.9358288770053476;71.0;0.0;3.0;18392.0;1.0;0.9594594594594594;0.9793103448275862;0.9673024523160763;68.83;3.4000000000000004;5.17;18388.600000000002;0.95292814619964;0.9301351351351351;0.941393694864255;0.9346060885859382;2.0;cost_ratio;
confirmacao;0.5;comprec;42;0.3;True;True;True;ml_rf;43361;18335;173;74;1000;96;106;96;0.9947641123534224;51.0;0.0;2.0;18186.0;1.0;0.9622641509433962;0.9807692307692307;0.9922178988326849;72.0;0.0;2.0;18261.0;1.0;0.972972972972973;0.9863013698630136;0.994475138121547;70.83;2.94;3.1700000000000004;18258.059999999998;0.9601464009760066;0.9571621621621621;0.9586519591256684;0.9595480654600629;2.0;cost_ratio;
confirmacao;0.5;comprec;123;0.3;True;True;True;ml_rf;43329;18367;173;74;1000;103;108;103;0.99439211629553;45.0;0.0;4.0;18215.0;1.0;0.9183673469387755;0.9574468085106383;0.982532751091703;70.0;0.0;4.0;18293.0;1.0;0.9459459459459459;0.9722222222222222;0.9887005649717514;68.5;3.2199999999999998;5.5;18289.780000000002;0.9551031790295594;0.9256756756756757;0.940159209442767;0.9490689425847928;2.0;cost_ratio;
confirmacao;0.5;comprec;456;0.3;True;True;True;ml_rf;42979;18717;173;74;1000;150;164;150;0.991985895175509;50.0;0.0;0.0;18517.0;1.0;1.0;1.0;1.0;74.0;0.0;0.0;18643.0;1.0;1.0;1.0;1.0;72.73;5.6;1.27;18637.4;0.9285075960679179;0.9828378378378378;0.9549005448696908;0.938887741402458;2.0;cost_ratio;
confirmacao;0.5;comprec;789;0.3;True;True;True;ml_rf;43497;18199;173;74;1000;121;129;121;0.9933512830375295;48.0;0.0;2.0;18028.0;1.0;0.96;0.9795918367346939;0.9917355371900827;72.0;0.0;2.0;18125.0;1.0;0.972972972972973;0.9863013698630136;0.994475138121547;70.64;4.1499999999999995;3.36;18120.85;0.9445112983019119;0.9545945945945946;0.9495261778345317;0.9465108800514523;2.0;cost_ratio;
confirmacao;0.5;comprec;2024;0.3;True;True;True;ml_rf;43230;18466;173;74;1000;117;123;117;0.9936640311924618;39.0;0.0;3.0;18307.0;1.0;0.9285714285714286;0.9629629629629629;0.9848484848484849;71.0;0.0;3.0;18392.0;1.0;0.9594594594594594;0.9793103448275862;0.9916201117318436;68.95;3.4600000000000004;5.05;18388.54;0.9522165446761498;0.9317567567567568;0.9418755549484323;0.9480530194698054;2.0;cost_ratio;
vigilancia;2.0;comprec;42;0.3;True;True;True;ml_rf;43361;18335;173;74;2000;106;114;106;0.9942187073902372;35.0;0.0;2.0;18192.0;1.0;0.9459459459459459;0.9722222222222222;0.9562841530054644;72.0;0.0;2.0;18261.0;1.0;0.972972972972973;0.9863013698630136;0.9782608695652174;70.1;2.66;3.8999999999999995;18258.34;0.963441451346894;0.9472972972972972;0.9553011719814664;0.9504826987742704;5.0;cost_ratio;
vigilancia;2.0;comprec;123;0.3;True;True;True;ml_rf;43329;18367;173;74;2000;112;116;112;0.9939021070397996;31.0;0.0;4.0;18220.0;1.0;0.8857142857142857;0.9393939393939394;0.9064327485380117;70.0;0.0;4.0;18293.0;1.0;0.9459459459459459;0.9722222222222222;0.9562841530054644;67.98;2.96;6.020000000000001;18290.040000000005;0.9582745982520441;0.9186486486486487;0.9380433282737684;0.9263094783888375;5.0;cost_ratio;
vigilancia;2.0;comprec;456;0.3;True;True;True;ml_rf;42979;18717;173;74;2000;151;163;151;0.9919324678100123;40.0;0.0;0.0;18526.0;1.0;1.0;1.0;1.0;74.0;0.0;0.0;18643.0;1.0;1.0;1.0;1.0;72.36;5.12;1.6399999999999997;18637.879999999997;0.9339184305627258;0.9778378378378378;0.9553736466860312;0.9687265717039735;5.0;cost_ratio;
vigilancia;2.0;comprec;789;0.3;True;True;True;ml_rf;43497;18199;173;74;2000;118;122;118;0.9935161272597396;39.0;0.0;2.0;18040.0;1.0;0.9512195121951219;0.975;0.9605911330049262;72.0;0.0;2.0;18125.0;1.0;0.972972972972973;0.9863013698630136;0.9782608695652174;70.14999999999999;3.45;3.85;18121.550000000003;0.953125;0.947972972972973;0.9505420054200543;0.9489989177489179;5.0;cost_ratio;
vigilancia;2.0;comprec;2024;0.3;True;True;True;ml_rf;43230;18466;173;74;2000;130;136;130;0.9929600346582909;24.0;0.0;4.0;18308.0;1.0;0.8571428571428571;0.9230769230769231;0.8823529411764706;70.0;0.0;4.0;18392.0;1.0;0.9459459459459459;0.9722222222222222;0.9562841530054644;67.52;3.4000000000000004;6.48;18388.600000000002;0.9520586576424139;0.9124324324324323;0.9318244548716533;0.9200915730949526;5.0;cost_ratio;
confirmacao;0.5;comprec;42;0.3;True;True;True;ml_rf;43361;18335;173;74;1000;107;118;107;0.9941641668939187;39.0;0.0;2.0;18187.0;1.0;0.9512195121951219;0.975;0.9898477157360406;72.0;0.0;2.0;18261.0;1.0;0.972972972972973;0.9863013698630136;0.994475138121547;70.42;2.92;3.579999999999999;18258.079999999998;0.960185437687483;0.9516216216216217;0.955884349124474;0.9584603658536586;5.0;cost_ratio;
confirmacao;0.5;comprec;123;0.3;True;True;True;ml_rf;43329;18367;173;74;1000;113;119;113;0.9938476615669407;34.0;0.0;4.0;18216.0;1.0;0.8947368421052632;0.9444444444444444;0.9770114942528736;70.0;0.0;4.0;18293.0;1.0;0.9459459459459459;0.9722222222222222;0.9887005649717514;68.07;3.1999999999999997;5.9300000000000015;18289.800000000003;0.9551003227164304;0.9198648648648647;0.9371515109795553;0.9478389216887602;5.0;cost_ratio;
confirmacao;0.5;comprec;456;0.3;True;True;True;ml_rf;42979;18717;173;74;1000;157;171;157;0.9916119036170327;41.0;0.0;0.0;18519.0;1.0;1.0;1.0;1.0;74.0;0.0;0.0;18643.0;1.0;1.0;1.0;1.0;72.39;5.54;1.6099999999999999;18637.46;0.9289105607596561;0.9782432432432433;0.9529388534193378;0.938374987037229;5.0;cost_ratio;
confirmacao;0.5;comprec;789;0.3;True;True;True;ml_rf;43497;18199;173;74;1000;125;133;125;0.9931314907412495;43.0;0.0;2.0;18029.0;1.0;0.9555555555555556;0.9772727272727273;0.9907834101382489;72.0;0.0;2.0;18125.0;1.0;0.972972972972973;0.9863013698630136;0.994475138121547;70.27;4.13;3.7300000000000004;18120.87;0.944489247311828;0.9495945945945945;0.947035040431267;0.9455059203444564;5.0;cost_ratio;
confirmacao;0.5;comprec;2024;0.3;True;True;True;ml_rf;43230;18466;173;74;1000;129;135;129;0.9930141882378425;27.0;0.0;3.0;18307.0;1.0;0.9;0.9473684210526315;0.9782608695652174;71.0;0.0;3.0;18392.0;1.0;0.9594594594594594;0.9793103448275862;0.9916201117318436;68.50999999999999;3.4600000000000004;5.49;18388.54;0.9519244129498403;0.9258108108108108;0.9386860313763101;0.9465845031502156;5.0;cost_ratio;
vigilancia;2.0;comprec;42;0.3;True;True;True;ml_rf;43361;18335;173;74;2000;118;126;118;0.993564221434415;21.0;0.0;2.0;18194.0;1.0;0.9130434782608695;0.9545454545454546;0.9292035398230089;72.0;0.0;2.0;18261.0;1.0;0.972972972972973;0.9863013698630136;0.9782608695652174;69.16;2.62;4.84;18258.38;0.963499582056283;0.9345945945945946;0.9488269995884209;0.9402360106585458;10.0;cost_ratio;
vigilancia;2.0;comprec;123;0.3;True;True;True;ml_rf;43329;18367;173;74;2000;119;123;119;0.9935209887297871;23.0;0.0;4.0;18221.0;1.0;0.8518518518518519;0.92;0.8778625954198473;70.0;0.0;4.0;18293.0;1.0;0.9459459459459459;0.9722222222222222;0.9562841530054644;67.32;2.94;6.680000000000001;18290.06;0.9581554227156277;0.9097297297297297;0.9333148481907666;0.9190192759242067;10.0;cost_ratio;
vigilancia;2.0;comprec;456;0.3;True;True;True;ml_rf;42979;18717;173;74;2000;169;181;169;0.9909707752310734;22.0;0.0;0.0;18526.0;1.0;1.0;1.0;1.0;74.0;0.0;0.0;18643.0;1.0;1.0;1.0;1.0;71.35999999999999;5.12;2.6399999999999997;18637.879999999997;0.9330543933054393;0.9643243243243244;0.9484316852737906;0.9579037800687284;10.0;cost_ratio;
vigilancia;2.0;comprec;789;0.3;True;True;True;ml_rf;43497;18199;173;74;2000;130;135;130;0.9928567503708995;26.0;0.0;2.0;18041.0;1.0;0.9285714285714286;0.9629629629629629;0.9420289855072463;72.0;0.0;2.0;18125.0;1.0;0.972972972972973;0.9863013698630136;0.9782608695652174;69.4;3.43;4.6;18121.570000000003;0.9529040230674172;0.9378378378378379;0.9453109037662603;0.9408128406040723;10.0;cost_ratio;
vigilancia;2.0;comprec;2024;0.3;True;True;True;ml_rf;43230;18466;173;74;2000;136;143;136;0.9926351131809813;18.0;0.0;4.0;18308.0;1.0;0.8181818181818182;0.9;0.8490566037735849;70.0;0.0;4.0;18392.0;1.0;0.9459459459459459;0.9722222222222222;0.9562841530054644;67.16;3.4000000000000004;6.840000000000001;18388.600000000002;0.9518140589569161;0.9075675675675675;0.929164360819037;0.9160846791793976;10.0;cost_ratio;
confirmacao;0.5;comprec;42;0.3;True;True;True;ml_rf;43361;18335;173;74;1000;123;135;123;0.9932915189528224;23.0;0.0;2.0;18187.0;1.0;0.92;0.9583333333333334;0.9829059829059829;72.0;0.0;2.0;18261.0;1.0;0.972972972972973;0.9863013698630136;0.994475138121547;69.34;2.92;4.659999999999999;18258.079999999998;0.9595903681151398;0.9370270270270271;0.9481744837959799;0.9549911855442925;10.0;cost_ratio;
confirmacao;0.5;comprec;123;0.3;True;True;True;ml_rf;43329;18367;173;74;1000;122;128;122;0.9933576523112103;25.0;0.0;4.0;18216.0;1.0;0.8620689655172413;0.9259259259259259;0.9689922480620154;70.0;0.0;4.0;18293.0;1.0;0.9459459459459459;0.9722222222222222;0.9887005649717514;67.5;3.1999999999999997;6.500000000000001;18289.800000000003;0.9547383309759547;0.9121621621621622;0.9329647546648239;0.9459080717488789;10.0;cost_ratio;
confirmacao;0.5;comprec;456;0.3;True;True;True;ml_rf;42979;18717;173;74;1000;172;186;172;0.9908104931345836;26.0;0.0;0.0;18519.0;1.0;1.0;1.0;1.0;74.0;0.0;0.0;18643.0;1.0;1.0;1.0;1.0;71.50999999999999;5.54;2.4899999999999998;18637.46;0.9280986372485398;0.9663513513513514;0.9468387951009599;0.9355049712192568;10.0;cost_ratio;
confirmacao;0.5;comprec;789;0.3;True;True;True;ml_rf;43497;18199;173;74;1000;141;150;141;0.9922523215561294;27.0;0.0;2.0;18029.0;1.0;0.9310344827586207;0.9642857142857143;0.9854014598540146;72.0;0.0;2.0;18125.0;1.0;0.972972972972973;0.9863013698630136;0.994475138121547;69.48;4.13;4.52;18120.87;0.9438934927319659;0.938918918918919;0.9413996341711266;0.9428943654326349;10.0;cost_ratio;
confirmacao;0.5;comprec;2024;0.3;True;True;True;ml_rf;43230;18466;173;74;1000;138;145;138;0.992526806021878;18.0;0.0;3.0;18307.0;1.0;0.8571428571428571;0.9230769230769231;0.967741935483871;71.0;0.0;3.0;18392.0;1.0;0.9594594594594594;0.9793103448275862;0.9916201117318436;68.05999999999999;3.4600000000000004;5.94;18388.54;0.9516219239373602;0.9197297297297298;0.9354040681693238;0.9450677627193957;10.0;cost_ratio;
vigilancia;2.0;comprec;42;0.3;True;True;True;ml_rf;43361;18335;173;74;0;0;117;0;1.0;72.0;13.0;2.0;18248.0;0.8470588235294118;0.972972972972973;0.9056603773584906;0.9448818897637795;72.0;13.0;2.0;18248.0;0.8470588235294118;0.972972972972973;0.9056603773584906;0.9448818897637795;72.0;13.0;2.0;18248.0;0.8470588235294118;0.972972972972973;0.9056603773584906;0.9448818897637795;;llm_budget;0.0
vigilancia;2.0;comprec;123;0.3;True;True;True;ml_rf;43329;18367;173;74;0;0;119;0;1.0;69.0;19.0;5.0;18274.0;0.7840909090909091;0.9324324324324325;0.8518518518518519;0.8984375;69.0;19.0;5.0;18274.0;0.7840909090909091;0.9324324324324325;0.8518518518518519;0.8984375;69.0;19.0;5.0;18274.0;0.7840909090909091;0.9324324324324325;0.8518518518518519;0.8984375;;llm_budget;0.0
vigilancia;2.0;comprec;456;0.3;True;True;True;ml_rf;42979;18717;173;74;0;0;180;0;1.0;74.0;52.0;0.0;18591.0;0.5873015873015873;1.0;0.74;0.8767772511848341;74.0;52.0;0.0;18591.0;0.5873015873015873;1.0;0.74;0.8767772511848341;74.0;52.0;0.0;18591.0;0.5873015873015873;1.0;0.74;0.8767772511848341;;llm_budget;0.0
vigilancia;2.0;comprec;789;0.3;True;True;True;ml_rf;43497;18199;173;74;0;0;137;0;1.0;72.0;22.0;2.0;18103.0;0.7659574468085106;0.972972972972973;0.8571428571428571;0.9230769230769231;72.0;22.0;2.0;18103.0;0.7659574468085106;0.972972972972973;0.8571428571428571;0.9230769230769231;72.0;22.0;2.0;18103.0;0.7659574468085106;0.972972972972973;0.8571428571428571;0.9230769230769231;;llm_budget;0.0
vigilancia;2.0;comprec;2024;0.3;True;True;True;ml_rf;43230;18466;173;74;0;0;129;0;1.0;70.0;25.0;4.0;18367.0;0.7368421052631579;0.9459459459459459;0.8284023668639053;0.8951406649616368;70.0;25.0;4.0;18367.0;0.7368421052631579;0.9459459459459459;0.8284023668639053;0.8951406649616368;70.0;25.0;4.0;18367.0;0.7368421052631579;0.9459459459459459;0.8284023668639053;0.8951406649616368;;llm_budget;0.0
confirmacao;0.5;comprec;42;0.3;True;True;True;ml_rf;43361;18335;173;74;0;0;118;0;1.0;64.0;0.0;10.0;18261.0;1.0;0.8648648648648649;0.927536231884058;0.9696969696969697;64.0;0.0;10.0;18261.0;1.0;0.8648648648648649;0.927536231884058;0.9696969696969697;64.0;0.0;10.0;18261.0;1.0;0.8648648648648649;0.927536231884058;0.9696969696969697;;llm_budget;0.0
confirmacao;0.5;comprec;123;0.3;True;True;True;ml_rf;43329;18367;173;74;0;0;119;0;1.0;56.0;0.0;18.0;18293.0;1.0;0.7567567567567568;0.8615384615384616;0.9395973154362416;56.0;0.0;18.0;18293.0;1.0;0.7567567567567568;0.8615384615384616;0.9395973154362416;56.0;0.0;18.0;18293.0;1.0;0.7567567567567568;0.8615384615384616;0.9395973154362416;;llm_budget;0.0
confirmacao;0.5;comprec;456;0.3;True;True;True;ml_rf;42979;18717;173;74;0;0;171;0;1.0;64.0;0.0;10.0;18643.0;1.0;0.8648648648648649;0.927536231884058;0.9696969696969697;64.0;0.0;10.0;18643.0;1.0;0.8648648648648649;0.927536231884058;0.9696969696969697;64.0;0.0;10.0;18643.0;1.0;0.8648648648648649;0.927536231884058;0.9696969696969697;;llm_budget;0.0
confirmacao;0.5;comprec;789;0.3;True;True;True;ml_rf;43497;18199;173;74;0;0;133;0;1.0;62.0;0.0;12.0;18125.0;1.0;0.8378378378378378;0.9117647058823529;0.9627329192546584;62.0;0.0;12.0;18125.0;1.0;0.8378378378378378;0.9117647058823529;0.9627329192546584;62.0;0.0;12.0;18125.0;1.0;0.8378378378378378;0.9117647058823529;0.9627329192546584;;llm_budget;0.0
confirmacao;0.5;comprec;2024;0.3;True;True;True;ml_rf;43230;18466;173;74;0;0;135;0;1.0;56.0;0.0;18.0;18392.0;1.0;0.7567567567567568;0.8615384615384616;0.9395973154362416;56.0;0.0;18.0;18392.0;1.0;0.7567567567567568;0.8615384615384616;0.9395973154362416;56.0;0.0;18.0;18392.0;1.0;0.7567567567567568;0.8615384615384616;0.9395973154362416;;llm_budget;0.0
vigilancia;2.0;comprec;42;0.3;True;True;True;ml_rf;43361;18335;173;74;50;50;117;50;0.9972729751840742;72.0;11.0;2.0;18200.0;0.8674698795180723;0.972972972972973;0.9171974522292994;0.9498680738786279;72.0;11.0;2.0;18250.0;0.8674698795180723;0.972972972972973;0.9171974522292994;0.9498680738786279;72.0;12.959999999999999;2.0;18248.04;0.8474576271186441;0.972972972972973;0.9058882737795672;0.9449811003779925;;llm_budget;50.0
vigilancia;2.0;comprec;123;0.3;True;True;True;ml_rf;43329;18367;173;74;50;50;119;50;0.9972777263570534;68.0;14.0;5.0;18230.0;0.8292682926829268;0.9315068493150684;0.8774193548387097;0.9090909090909091;69.0;14.0;5.0;18279.0;0.8313253012048193;0.9324324324324325;0.8789808917197452;0.9102902374670184;68.97;15.92;5.03;18277.079999999998;0.8124631876546118;0.932027027027027;0.8681477751903833;0.9053795058940901;;llm_budget;50.0
vigilancia;2.0;comprec;456;0.3;True;True;True;ml_rf;42979;18717;173;74;50;50;180;50;0.9973286317251696;70.0;44.0;0.0;18553.0;0.6140350877192983;1.0;0.7608695652173914;0.8883248730964467;74.0;44.0;0.0;18599.0;0.6271186440677966;1.0;0.7708333333333334;0.893719806763285;73.72;45.74;0.28;18597.260000000002;0.6171103298175121;0.9962162162162163;0.7621213687583996;0.8872093583016415;;llm_budget;50.0
vigilancia;2.0;comprec;789;0.3;True;True;True;ml_rf;43497;18199;173;74;50;50;137;50;0.9972525962964998;70.0;21.0;2.0;18056.0;0.7692307692307693;0.9722222222222222;0.8588957055214724;0.9234828496042217;72.0;21.0;2.0;18104.0;0.7741935483870968;0.972972972972973;0.8622754491017964;0.9254498714652957;71.91;22.92;2.09;18102.08;0.7583043340714963;0.9717567567567567;0.851862820588758;0.9199652022618529;;llm_budget;50.0
vigilancia;2.0;comprec;2024;0.3;True;True;True;ml_rf;43230;18466;173;74;50;50;129;50;0.9972923210224196;70.0;22.0;4.0;18320.0;0.7608695652173914;0.9459459459459459;0.8433734939759037;0.9020618556701031;70.0;22.0;4.0;18370.0;0.7608695652173914;0.9459459459459459;0.8433734939759037;0.9020618556701031;70.0;23.96;4.0;18368.04;0.744997871434653;0.9459459459459459;0.8335317932841152;0.8975279515847779;;llm_budget;50.0
confirmacao;0.5;comprec;42;0.3;True;True;True;ml_rf;43361;18335;173;74;50;50;118;50;0.9972729751840742;62.0;0.0;10.0;18213.0;1.0;0.8611111111111112;0.9253731343283582;0.96875;64.0;0.0;10.0;18261.0;1.0;0.8648648648648649;0.927536231884058;0.9696969696969697;63.94;1.8800000000000001;10.06;18259.12;0.9714372531145549;0.864054054054054;0.9146044914890574;0.9478771347248577;;llm_budget;50.0
confirmacao;0.5;comprec;123;0.3;True;True;True;ml_rf;43329;18367;173;74;50;50;119;50;0.9972777263570534;55.0;0.0;17.0;18245.0;1.0;0.7638888888888888;0.8661417322834646;0.9417808219178082;57.0;0.0;17.0;18293.0;1.0;0.7702702702702703;0.8702290076335878;0.9437086092715232;56.91;1.8800000000000001;17.09;18291.12;0.9680217724102738;0.769054054054054;0.8571428571428571;0.9203972053305732;;llm_budget;50.0
confirmacao;0.5;comprec;456;0.3;True;True;True;ml_rf;42979;18717;173;74;50;50;171;50;0.9973286317251696;64.0;0.0;6.0;18597.0;1.0;0.9142857142857143;0.9552238805970149;0.9815950920245399;68.0;0.0;6.0;18643.0;1.0;0.918918918918919;0.9577464788732394;0.9826589595375722;67.72;1.7400000000000002;6.28;18641.260000000002;0.9749496112870718;0.9151351351351351;0.9440959152376969;0.9623692587539792;;llm_budget;50.0
confirmacao;0.5;comprec;789;0.3;True;True;True;ml_rf;43497;18199;173;74;50;50;133;50;0.9972525962964998;61.0;0.0;11.0;18077.0;1.0;0.8472222222222222;0.9172932330827067;0.9651898734177216;63.0;0.0;11.0;18125.0;1.0;0.8513513513513513;0.9197080291970803;0.9662576687116564;62.91;1.92;11.09;18123.08;0.970384081443776;0.8501351351351351;0.9062882662248795;0.9436877475099005;;llm_budget;50.0
confirmacao;0.5;comprec;2024;0.3;True;True;True;ml_rf;43230;18466;173;74;50;50;135;50;0.9972923210224196;54.0;0.0;18.0;18344.0;1.0;0.75;0.8571428571428571;0.9375;56.0;0.0;18.0;18392.0;1.0;0.7567567567567568;0.8615384615384616;0.9395973154362416;55.91;1.8800000000000001;18.09;18390.12;0.967468420141893;0.7555405405405405;0.8484710524318992;0.9160768121641107;;llm_budget;50.0
vigilancia;2.0;comprec;42;0.3;True;True;True;ml_rf;43361;18335;173;74;100;100;117;100;0.9945459503681483;62.0;0.0;1.0;18172.0;1.0;0.9841269841269841;0.992;0.9872611464968153;73.0;0.0;1.0;18261.0;1.0;0.9864864864864865;0.9931972789115646;0.989159891598916;72.25;3.7;1.75;18257.3;0.9512837393021725;0.9763513513513513;0.9636545515171725;0.9712326925662051;;llm_budget;100.0
vigilancia;2.0;comprec;123;0.3;True;True;True;ml_rf;43329;18367;173;74;100;100;119;100;0.9945554527141068;54.0;0.0;4.0;18209.0;1.0;0.9310344827586207;0.9642857142857143;0.9440559440559441;70.0;0.0;4.0;18293.0;1.0;0.9459459459459459;0.9722222222222222;0.9562841530054644;68.86999999999999;3.52;5.130000000000001;18289.48;0.9513744992402265;0.9306756756756758;0.9409112644306304;0.9347430712017156;;llm_budget;100.0
vigilancia;2.0;comprec;456;0.3;True;True;True;ml_rf;42979;18717;173;74;100;100;180;100;0.9946572634503392;69.0;20.0;0.0;18528.0;0.7752808988764045;1.0;0.8734177215189873;0.9452054794520548;74.0;20.0;0.0;18623.0;0.7872340425531915;1.0;0.8809523809523809;0.9487179487179487;73.64;23.679999999999996;0.36;18619.319999999996;0.7566789971228937;0.9951351351351352;0.8596777959374269;0.9361334282518051;;llm_budget;100.0
vigilancia;2.0;comprec;789;0.3;True;True;True;ml_rf;43497;18199;173;74;100;100;137;100;0.9945051925929996;61.0;0.0;2.0;18036.0;1.0;0.9682539682539683;0.9838709677419355;0.9744408945686901;72.0;0.0;2.0;18125.0;1.0;0.972972972972973;0.9863013698630136;0.9782608695652174;71.18;3.6900000000000004;2.8200000000000003;18121.310000000005;0.9507145719246695;0.961891891891892;0.9562705716396857;0.9596354517755548;;llm_budget;100.0
vigilancia;2.0;comprec;2024;0.3;True;True;True;ml_rf;43230;18466;173;74;100;100;129;100;0.9945846420448392;54.0;0.0;4.0;18308.0;1.0;0.9310344827586207;0.9642857142857143;0.9440559440559441;70.0;0.0;4.0;18392.0;1.0;0.9459459459459459;0.9722222222222222;0.9562841530054644;68.79;3.4000000000000004;5.210000000000001;18388.600000000002;0.9529020639977835;0.9295945945945947;0.941104042684178;0.934164425975719;;llm_budget;100.0
confirmacao;0.5;comprec;42;0.3;True;True;True;ml_rf;43361;18335;173;74;100;100;118;100;0.9945459503681483;46.0;0.0;2.0;18187.0;1.0;0.9583333333333334;0.9787234042553191;0.9913793103448276;72.0;0.0;2.0;18261.0;1.0;0.972972972972973;0.9863013698630136;0.994475138121547;70.68;2.92;3.3200000000000003;18258.079999999998;0.9603260869565218;0.9551351351351353;0.9577235772357725;0.9592833876221498;;llm_budget;100.0
confirmacao;0.5;comprec;123;0.3;True;True;True;ml_rf;43329;18367;173;74;100;100;119;100;0.9945554527141068;47.0;0.0;4.0;18216.0;1.0;0.9215686274509803;0.9591836734693877;0.9832635983263598;70.0;0.0;4.0;18293.0;1.0;0.9459459459459459;0.9722222222222222;0.9887005649717514;68.56;3.1999999999999997;5.44;18289.800000000003;0.955406911928651;0.9264864864864866;0.9407244785949507;0.9494792820740084;;llm_budget;100.0
confirmacao;0.5;comprec;456;0.3;True;True;True;ml_rf;42979;18717;173;74;100;100;171;100;0.9946572634503392;55.0;0.0;2.0;18560.0;1.0;0.9649122807017544;0.9821428571428571;0.9927797833935018;72.0;0.0;2.0;18643.0;1.0;0.972972972972973;0.9863013698630136;0.994475138121547;71.06;3.1400000000000006;2.94;18639.859999999997;0.9576819407008086;0.9602702702702703;0.9589743589743591;0.9581984897518878;;llm_budget;100.0
confirmacao;0.5;comprec;789;0.3;True;True;True;ml_rf;43497;18199;173;74;100;100;133;100;0.9945051925929996;55.0;0.0;2.0;18042.0;1.0;0.9649122807017544;0.9821428571428571;0.9927797833935018;72.0;0.0;2.0;18125.0;1.0;0.972972972972973;0.9863013698630136;0.994475138121547;70.85000000000001;3.31;3.15;18121.690000000002;0.9553667745415318;0.9574324324324324;0.9563984881209503;0.9557791927476798;;llm_budget;100.0
confirmacao;0.5;comprec;2024;0.3;True;True;True;ml_rf;43230;18466;173;74;100;100;135;100;0.9945846420448392;44.0;0.0;5.0;18317.0;1.0;0.8979591836734694;0.946236559139785;0.9777777777777777;69.0;0.0;5.0;18392.0;1.0;0.9324324324324325;0.965034965034965;0.9857142857142858;67.35000000000001;2.9200000000000004;6.65;18389.079999999998;0.958445994023054;0.9101351351351351;0.9336660428363486;0.9483778303480906;;llm_budget;100.0
vigilancia;2.0;comprec;42;0.3;True;True;True;ml_rf;43361;18335;173;74;200;105;117;105;0.9942732478865558;62.0;0.0;1.0;18167.0;1.0;0.9841269841269841;0.992;0.9872611464968153;73.0;0.0;1.0;18261.0;1.0;0.9864864864864865;0.9931972789115646;0.989159891598916;72.25;3.9600000000000004;1.75;18257.04;0.9480383151817348;0.9763513513513513;0.9619865521603088;0.970554257005454;;llm_budget;200.0
vigilancia;2.0;comprec;123;0.3;True;True;True;ml_rf;43329;18367;173;74;200;112;119;112;0.9939021070397996;54.0;0.0;3.0;18198.0;1.0;0.9473684210526315;0.972972972972973;0.9574468085106383;71.0;0.0;3.0;18293.0;1.0;0.9594594594594594;0.9793103448275862;0.9673024523160763;69.77;4.04;4.23;18288.96;0.945264869258908;0.9428378378378378;0.9440497936540154;0.9433222465590437;;llm_budget;200.0
vigilancia;2.0;comprec;456;0.3;True;True;True;ml_rf;42979;18717;173;74;200;160;180;160;0.9914516215205428;61.0;0.0;0.0;18496.0;1.0;1.0;1.0;1.0;74.0;0.0;0.0;18643.0;1.0;1.0;1.0;1.0;73.17;6.7;0.83;18636.3;0.9161136847376987;0.9887837837837838;0.9510625852992786;0.9733418469151569;;llm_budget;200.0
vigilancia;2.0;comprec;789;0.3;True;True;True;ml_rf;43497;18199;173;74;200;126;137;126;0.9930765426671795;61.0;0.0;0.0;18012.0;1.0;1.0;1.0;1.0;74.0;0.0;0.0;18125.0;1.0;1.0;1.0;1.0;72.98;5.05;1.02;18119.95;0.9352813020633091;0.9862162162162162;0.9600736696704596;0.9755901933000027;;llm_budget;200.0
vigilancia;2.0;comprec;2024;0.3;True;True;True;ml_rf;43230;18466;173;74;200;115;129;115;0.9937723383515651;53.0;0.0;3.0;18295.0;1.0;0.9464285714285714;0.9724770642201835;0.9566787003610109;71.0;0.0;3.0;18392.0;1.0;0.9594594594594594;0.9793103448275862;0.9673024523160763;69.57000000000001;4.04;4.430000000000001;18387.96;0.9451161526966444;0.940135135135135;0.9426190637490685;0.9411271340061145;;llm_budget;200.0
confirmacao;0.5;comprec;42;0.3;True;True;True;ml_rf;43361;18335;173;74;200;107;118;107;0.9941641668939187;39.0;0.0;2.0;18187.0;1.0;0.9512195121951219;0.975;0.9898477157360406;72.0;0.0;2.0;18261.0;1.0;0.972972972972973;0.9863013698630136;0.994475138121547;70.42;2.92;3.579999999999999;18258.079999999998;0.960185437687483;0.9516216216216217;0.955884349124474;0.9584603658536586;;llm_budget;200.0
confirmacao;0.5;comprec;123;0.3;True;True;True;ml_rf;43329;18367;173;74;200;113;119;113;0.9938476615669407;34.0;0.0;4.0;18216.0;1.0;0.8947368421052632;0.9444444444444444;0.9770114942528736;70.0;0.0;4.0;18293.0;1.0;0.9459459459459459;0.9722222222222222;0.9887005649717514;68.07;3.1999999999999997;5.9300000000000015;18289.800000000003;0.9551003227164304;0.9198648648648647;0.9371515109795553;0.9478389216887602;;llm_budget;200.0
confirmacao;0.5;comprec;456;0.3;True;True;True;ml_rf;42979;18717;173;74;200;157;171;157;0.9916119036170327;41.0;0.0;0.0;18519.0;1.0;1.0;1.0;1.0;74.0;0.0;0.0;18643.0;1.0;1.0;1.0;1.0;72.39;5.54;1.6099999999999999;18637.46;0.9289105607596561;0.9782432432432433;0.9529388534193378;0.938374987037229;;llm_budget;200.0
confirmacao;0.5;comprec;789;0.3;True;True;True;ml_rf;43497;18199;173;74;200;125;133;125;0.9931314907412495;43.0;0.0;2.0;18029.0;1.0;0.9555555555555556;0.9772727272727273;0.9907834101382489;72.0;0.0;2.0;18125.0;1.0;0.972972972972973;0.9863013698630136;0.994475138121547;70.27;4.13;3.7300000000000004;18120.87;0.944489247311828;0.9495945945945945;0.947035040431267;0.9455059203444564;;llm_budget;200.0
confirmacao;0.5;comprec;2024;0.3;True;True;True;ml_rf;43230;18466;173;74;200;129;135;129;0.9930141882378425;27.0;0.0;3.0;18307.0;1.0;0.9;0.9473684210526315;0.9782608695652174;71.0;0.0;3.0;18392.0;1.0;0.9594594594594594;0.9793103448275862;0.9916201117318436;68.50999999999999;3.4600000000000004;5.49;18388.54;0.9519244129498403;0.9258108108108108;0.9386860313763101;0.9465845031502156;;llm_budget;200.0
vigilancia;2.0;comprec;42;0.3;True;True;True;ml_rf;43361;18335;173;74;500;105;117;105;0.9942732478865558;62.0;0.0;1.0;18167.0;1.0;0.9841269841269841;0.992;0.9872611464968153;73.0;0.0;1.0;18261.0;1.0;0.9864864864864865;0.9931972789115646;0.989159891598916;72.25;3.9600000000000004;1.75;18257.04;0.9480383151817348;0.9763513513513513;0.9619865521603088;0.970554257005454;;llm_budget;500.0
vigilancia;2.0;comprec;123;0.3;True;True;True;ml_rf;43329;18367;173;74;500;112;119;112;0.9939021070397996;54.0;0.0;3.0;18198.0;1.0;0.9473684210526315;0.972972972972973;0.9574468085106383;71.0;0.0;3.0;18293.0;1.0;0.9594594594594594;0.9793103448275862;0.9673024523160763;69.77;4.04;4.23;18288.96;0.945264869258908;0.9428378378378378;0.9440497936540154;0.9433222465590437;;llm_budget;500.0
vigilancia;2.0;comprec;456;0.3;True;True;True;ml_rf;42979;18717;173;74;500;160;180;160;0.9914516215205428;61.0;0.0;0.0;18496.0;1.0;1.0;1.0;1.0;74.0;0.0;0.0;18643.0;1.0;1.0;1.0;1.0;73.17;6.7;0.83;18636.3;0.9161136847376987;0.9887837837837838;0.9510625852992786;0.9733418469151569;;llm_budget;500.0
vigilancia;2.0;comprec;789;0.3;True;True;True;ml_rf;43497;18199;173;74;500;126;137;126;0.9930765426671795;61.0;0.0;0.0;18012.0;1.0;1.0;1.0;1.0;74.0;0.0;0.0;18125.0;1.0;1.0;1.0;1.0;72.98;5.05;1.02;18119.95;0.9352813020633091;0.9862162162162162;0.9600736696704596;0.9755901933000027;;llm_budget;500.0
vigilancia;2.0;comprec;2024;0.3;True;True;True;ml_rf;43230;18466;173;74;500;115;129;115;0.9937723383515651;53.0;0.0;3.0;18295.0;1.0;0.9464285714285714;0.9724770642201835;0.9566787003610109;71.0;0.0;3.0;18392.0;1.0;0.9594594594594594;0.9793103448275862;0.9673024523160763;69.57000000000001;4.04;4.430000000000001;18387.96;0.9451161526966444;0.940135135135135;0.9426190637490685;0.9411271340061145;;llm_budget;500.0
confirmacao;0.5;comprec;42;0.3;True;True;True;ml_rf;43361;18335;173;74;500;107;118;107;0.9941641668939187;39.0;0.0;2.0;18187.0;1.0;0.9512195121951219;0.975;0.9898477157360406;72.0;0.0;2.0;18261.0;1.0;0.972972972972973;0.9863013698630136;0.994475138121547;70.42;2.92;3.579999999999999;18258.079999999998;0.960185437687483;0.9516216216216217;0.955884349124474;0.9584603658536586;;llm_budget;500.0
confirmacao;0.5;comprec;123;0.3;True;True;True;ml_rf;43329;18367;173;74;500;113;119;113;0.9938476615669407;34.0;0.0;4.0;18216.0;1.0;0.8947368421052632;0.9444444444444444;0.9770114942528736;70.0;0.0;4.0;18293.0;1.0;0.9459459459459459;0.9722222222222222;0.9887005649717514;68.07;3.1999999999999997;5.9300000000000015;18289.800000000003;0.9551003227164304;0.9198648648648647;0.9371515109795553;0.9478389216887602;;llm_budget;500.0
confirmacao;0.5;comprec;456;0.3;True;True;True;ml_rf;42979;18717;173;74;500;157;171;157;0.9916119036170327;41.0;0.0;0.0;18519.0;1.0;1.0;1.0;1.0;74.0;0.0;0.0;18643.0;1.0;1.0;1.0;1.0;72.39;5.54;1.6099999999999999;18637.46;0.9289105607596561;0.9782432432432433;0.9529388534193378;0.938374987037229;;llm_budget;500.0
confirmacao;0.5;comprec;789;0.3;True;True;True;ml_rf;43497;18199;173;74;500;125;133;125;0.9931314907412495;43.0;0.0;2.0;18029.0;1.0;0.9555555555555556;0.9772727272727273;0.9907834101382489;72.0;0.0;2.0;18125.0;1.0;0.972972972972973;0.9863013698630136;0.994475138121547;70.27;4.13;3.7300000000000004;18120.87;0.944489247311828;0.9495945945945945;0.947035040431267;0.9455059203444564;;llm_budget;500.0
confirmacao;0.5;comprec;2024;0.3;True;True;True;ml_rf;43230;18466;173;74;500;129;135;129;0.9930141882378425;27.0;0.0;3.0;18307.0;1.0;0.9;0.9473684210526315;0.9782608695652174;71.0;0.0;3.0;18392.0;1.0;0.9594594594594594;0.9793103448275862;0.9916201117318436;68.50999999999999;3.4600000000000004;5.49;18388.54;0.9519244129498403;0.9258108108108108;0.9386860313763101;0.9465845031502156;;llm_budget;500.0
vigilancia;2.0;comprec;42;0.3;True;True;True;ml_rf;43361;18335;173;74;1000;105;117;105;0.9942732478865558;62.0;0.0;1.0;18167.0;1.0;0.9841269841269841;0.992;0.9872611464968153;73.0;0.0;1.0;18261.0;1.0;0.9864864864864865;0.9931972789115646;0.989159891598916;72.25;3.9600000000000004;1.75;18257.04;0.9480383151817348;0.9763513513513513;0.9619865521603088;0.970554257005454;;llm_budget;1000.0
vigilancia;2.0;comprec;123;0.3;True;True;True;ml_rf;43329;18367;173;74;1000;112;119;112;0.9939021070397996;54.0;0.0;3.0;18198.0;1.0;0.9473684210526315;0.972972972972973;0.9574468085106383;71.0;0.0;3.0;18293.0;1.0;0.9594594594594594;0.9793103448275862;0.9673024523160763;69.77;4.04;4.23;18288.96;0.945264869258908;0.9428378378378378;0.9440497936540154;0.9433222465590437;;llm_budget;1000.0
vigilancia;2.0;comprec;456;0.3;True;True;True;ml_rf;42979;18717;173;74;1000;160;180;160;0.9914516215205428;61.0;0.0;0.0;18496.0;1.0;1.0;1.0;1.0;74.0;0.0;0.0;18643.0;1.0;1.0;1.0;1.0;73.17;6.7;0.83;18636.3;0.9161136847376987;0.9887837837837838;0.9510625852992786;0.9733418469151569;;llm_budget;1000.0
vigilancia;2.0;comprec;789;0.3;True;True;True;ml_rf;43497;18199;173;74;1000;126;137;126;0.9930765426671795;61.0;0.0;0.0;18012.0;1.0;1.0;1.0;1.0;74.0;0.0;0.0;18125.0;1.0;1.0;1.0;1.0;72.98;5.05;1.02;18119.95;0.9352813020633091;0.9862162162162162;0.9600736696704596;0.9755901933000027;;llm_budget;1000.0
vigilancia;2.0;comprec;2024;0.3;True;True;True;ml_rf;43230;18466;173;74;1000;115;129;115;0.9937723383515651;53.0;0.0;3.0;18295.0;1.0;0.9464285714285714;0.9724770642201835;0.9566787003610109;71.0;0.0;3.0;18392.0;1.0;0.9594594594594594;0.9793103448275862;0.9673024523160763;69.57000000000001;4.04;4.430000000000001;18387.96;0.9451161526966444;0.940135135135135;0.9426190637490685;0.9411271340061145;;llm_budget;1000.0
confirmacao;0.5;comprec;42;0.3;True;True;True;ml_rf;43361;18335;173;74;1000;107;118;107;0.9941641668939187;39.0;0.0;2.0;18187.0;1.0;0.9512195121951219;0.975;0.9898477157360406;72.0;0.0;2.0;18261.0;1.0;0.972972972972973;0.9863013698630136;0.994475138121547;70.42;2.92;3.579999999999999;18258.079999999998;0.960185437687483;0.9516216216216217;0.955884349124474;0.9584603658536586;;llm_budget;1000.0
confirmacao;0.5;comprec;123;0.3;True;True;True;ml_rf;43329;18367;173;74;1000;113;119;113;0.9938476615669407;34.0;0.0;4.0;18216.0;1.0;0.8947368421052632;0.9444444444444444;0.9770114942528736;70.0;0.0;4.0;18293.0;1.0;0.9459459459459459;0.9722222222222222;0.9887005649717514;68.07;3.1999999999999997;5.9300000000000015;18289.800000000003;0.9551003227164304;0.9198648648648647;0.9371515109795553;0.9478389216887602;;llm_budget;1000.0
confirmacao;0.5;comprec;456;0.3;True;True;True;ml_rf;42979;18717;173;74;1000;157;171;157;0.9916119036170327;41.0;0.0;0.0;18519.0;1.0;1.0;1.0;1.0;74.0;0.0;0.0;18643.0;1.0;1.0;1.0;1.0;72.39;5.54;1.6099999999999999;18637.46;0.9289105607596561;0.9782432432432433;0.9529388534193378;0.938374987037229;;llm_budget;1000.0
confirmacao;0.5;comprec;789;0.3;True;True;True;ml_rf;43497;18199;173;74;1000;125;133;125;0.9931314907412495;43.0;0.0;2.0;18029.0;1.0;0.9555555555555556;0.9772727272727273;0.9907834101382489;72.0;0.0;2.0;18125.0;1.0;0.972972972972973;0.9863013698630136;0.994475138121547;70.27;4.13;3.7300000000000004;18120.87;0.944489247311828;0.9495945945945945;0.947035040431267;0.9455059203444564;;llm_budget;1000.0
confirmacao;0.5;comprec;2024;0.3;True;True;True;ml_rf;43230;18466;173;74;1000;129;135;129;0.9930141882378425;27.0;0.0;3.0;18307.0;1.0;0.9;0.9473684210526315;0.9782608695652174;71.0;0.0;3.0;18392.0;1.0;0.9594594594594594;0.9793103448275862;0.9916201117318436;68.50999999999999;3.4600000000000004;5.49;18388.54;0.9519244129498403;0.9258108108108108;0.9386860313763101;0.9465845031502156;;llm_budget;1000.0
vigilancia;2.0;comprec;42;0.3;True;True;True;ml_rf;43361;18335;173;74;2000;105;117;105;0.9942732478865558;62.0;0.0;1.0;18167.0;1.0;0.9841269841269841;0.992;0.9872611464968153;73.0;0.0;1.0;18261.0;1.0;0.9864864864864865;0.9931972789115646;0.989159891598916;72.25;3.9600000000000004;1.75;18257.04;0.9480383151817348;0.9763513513513513;0.9619865521603088;0.970554257005454;;llm_budget;2000.0
vigilancia;2.0;comprec;123;0.3;True;True;True;ml_rf;43329;18367;173;74;2000;112;119;112;0.9939021070397996;54.0;0.0;3.0;18198.0;1.0;0.9473684210526315;0.972972972972973;0.9574468085106383;71.0;0.0;3.0;18293.0;1.0;0.9594594594594594;0.9793103448275862;0.9673024523160763;69.77;4.04;4.23;18288.96;0.945264869258908;0.9428378378378378;0.9440497936540154;0.9433222465590437;;llm_budget;2000.0
vigilancia;2.0;comprec;456;0.3;True;True;True;ml_rf;42979;18717;173;74;2000;160;180;160;0.9914516215205428;61.0;0.0;0.0;18496.0;1.0;1.0;1.0;1.0;74.0;0.0;0.0;18643.0;1.0;1.0;1.0;1.0;73.17;6.7;0.83;18636.3;0.9161136847376987;0.9887837837837838;0.9510625852992786;0.9733418469151569;;llm_budget;2000.0
vigilancia;2.0;comprec;789;0.3;True;True;True;ml_rf;43497;18199;173;74;2000;126;137;126;0.9930765426671795;61.0;0.0;0.0;18012.0;1.0;1.0;1.0;1.0;74.0;0.0;0.0;18125.0;1.0;1.0;1.0;1.0;72.98;5.05;1.02;18119.95;0.9352813020633091;0.9862162162162162;0.9600736696704596;0.9755901933000027;;llm_budget;2000.0
vigilancia;2.0;comprec;2024;0.3;True;True;True;ml_rf;43230;18466;173;74;2000;115;129;115;0.9937723383515651;53.0;0.0;3.0;18295.0;1.0;0.9464285714285714;0.9724770642201835;0.9566787003610109;71.0;0.0;3.0;18392.0;1.0;0.9594594594594594;0.9793103448275862;0.9673024523160763;69.57000000000001;4.04;4.430000000000001;18387.96;0.9451161526966444;0.940135135135135;0.9426190637490685;0.9411271340061145;;llm_budget;2000.0
confirmacao;0.5;comprec;42;0.3;True;True;True;ml_rf;43361;18335;173;74;2000;107;118;107;0.9941641668939187;39.0;0.0;2.0;18187.0;1.0;0.9512195121951219;0.975;0.9898477157360406;72.0;0.0;2.0;18261.0;1.0;0.972972972972973;0.9863013698630136;0.994475138121547;70.42;2.92;3.579999999999999;18258.079999999998;0.960185437687483;0.9516216216216217;0.955884349124474;0.9584603658536586;;llm_budget;2000.0
confirmacao;0.5;comprec;123;0.3;True;True;True;ml_rf;43329;18367;173;74;2000;113;119;113;0.9938476615669407;34.0;0.0;4.0;18216.0;1.0;0.8947368421052632;0.9444444444444444;0.9770114942528736;70.0;0.0;4.0;18293.0;1.0;0.9459459459459459;0.9722222222222222;0.9887005649717514;68.07;3.1999999999999997;5.9300000000000015;18289.800000000003;0.9551003227164304;0.9198648648648647;0.9371515109795553;0.9478389216887602;;llm_budget;2000.0
confirmacao;0.5;comprec;456;0.3;True;True;True;ml_rf;42979;18717;173;74;2000;157;171;157;0.9916119036170327;41.0;0.0;0.0;18519.0;1.0;1.0;1.0;1.0;74.0;0.0;0.0;18643.0;1.0;1.0;1.0;1.0;72.39;5.54;1.6099999999999999;18637.46;0.9289105607596561;0.9782432432432433;0.9529388534193378;0.938374987037229;;llm_budget;2000.0
confirmacao;0.5;comprec;789;0.3;True;True;True;ml_rf;43497;18199;173;74;2000;125;133;125;0.9931314907412495;43.0;0.0;2.0;18029.0;1.0;0.9555555555555556;0.9772727272727273;0.9907834101382489;72.0;0.0;2.0;18125.0;1.0;0.972972972972973;0.9863013698630136;0.994475138121547;70.27;4.13;3.7300000000000004;18120.87;0.944489247311828;0.9495945945945945;0.947035040431267;0.9455059203444564;;llm_budget;2000.0
confirmacao;0.5;comprec;2024;0.3;True;True;True;ml_rf;43230;18466;173;74;2000;129;135;129;0.9930141882378425;27.0;0.0;3.0;18307.0;1.0;0.9;0.9473684210526315;0.9782608695652174;71.0;0.0;3.0;18392.0;1.0;0.9594594594594594;0.9793103448275862;0.9916201117318436;68.50999999999999;3.4600000000000004;5.49;18388.54;0.9519244129498403;0.9258108108108108;0.9386860313763101;0.9465845031502156;;llm_budget;2000.0
vigilancia;2.0;comprec;42;0.3;True;True;True;ml_rf;43361;18335;173;74;5000;105;117;105;0.9942732478865558;62.0;0.0;1.0;18167.0;1.0;0.9841269841269841;0.992;0.9872611464968153;73.0;0.0;1.0;18261.0;1.0;0.9864864864864865;0.9931972789115646;0.989159891598916;72.25;3.9600000000000004;1.75;18257.04;0.9480383151817348;0.9763513513513513;0.9619865521603088;0.970554257005454;;llm_budget;5000.0
vigilancia;2.0;comprec;123;0.3;True;True;True;ml_rf;43329;18367;173;74;5000;112;119;112;0.9939021070397996;54.0;0.0;3.0;18198.0;1.0;0.9473684210526315;0.972972972972973;0.9574468085106383;71.0;0.0;3.0;18293.0;1.0;0.9594594594594594;0.9793103448275862;0.9673024523160763;69.77;4.04;4.23;18288.96;0.945264869258908;0.9428378378378378;0.9440497936540154;0.9433222465590437;;llm_budget;5000.0
vigilancia;2.0;comprec;456;0.3;True;True;True;ml_rf;42979;18717;173;74;5000;160;180;160;0.9914516215205428;61.0;0.0;0.0;18496.0;1.0;1.0;1.0;1.0;74.0;0.0;0.0;18643.0;1.0;1.0;1.0;1.0;73.17;6.7;0.83;18636.3;0.9161136847376987;0.9887837837837838;0.9510625852992786;0.9733418469151569;;llm_budget;5000.0
vigilancia;2.0;comprec;789;0.3;True;True;True;ml_rf;43497;18199;173;74;5000;126;137;126;0.9930765426671795;61.0;0.0;0.0;18012.0;1.0;1.0;1.0;1.0;74.0;0.0;0.0;18125.0;1.0;1.0;1.0;1.0;72.98;5.05;1.02;18119.95;0.9352813020633091;0.9862162162162162;0.9600736696704596;0.9755901933000027;;llm_budget;5000.0
vigilancia;2.0;comprec;2024;0.3;True;True;True;ml_rf;43230;18466;173;74;5000;115;129;115;0.9937723383515651;53.0;0.0;3.0;18295.0;1.0;0.9464285714285714;0.9724770642201835;0.9566787003610109;71.0;0.0;3.0;18392.0;1.0;0.9594594594594594;0.9793103448275862;0.9673024523160763;69.57000000000001;4.04;4.430000000000001;18387.96;0.9451161526966444;0.940135135135135;0.9426190637490685;0.9411271340061145;;llm_budget;5000.0
confirmacao;0.5;comprec;42;0.3;True;True;True;ml_rf;43361;18335;173;74;5000;107;118;107;0.9941641668939187;39.0;0.0;2.0;18187.0;1.0;0.9512195121951219;0.975;0.9898477157360406;72.0;0.0;2.0;18261.0;1.0;0.972972972972973;0.9863013698630136;0.994475138121547;70.42;2.92;3.579999999999999;18258.079999999998;0.960185437687483;0.9516216216216217;0.955884349124474;0.9584603658536586;;llm_budget;5000.0
confirmacao;0.5;comprec;123;0.3;True;True;True;ml_rf;43329;18367;173;74;5000;113;119;113;0.9938476615669407;34.0;0.0;4.0;18216.0;1.0;0.8947368421052632;0.9444444444444444;0.9770114942528736;70.0;0.0;4.0;18293.0;1.0;0.9459459459459459;0.9722222222222222;0.9887005649717514;68.07;3.1999999999999997;5.9300000000000015;18289.800000000003;0.9551003227164304;0.9198648648648647;0.9371515109795553;0.9478389216887602;;llm_budget;5000.0
confirmacao;0.5;comprec;456;0.3;True;True;True;ml_rf;42979;18717;173;74;5000;157;171;157;0.9916119036170327;41.0;0.0;0.0;18519.0;1.0;1.0;1.0;1.0;74.0;0.0;0.0;18643.0;1.0;1.0;1.0;1.0;72.39;5.54;1.6099999999999999;18637.46;0.9289105607596561;0.9782432432432433;0.9529388534193378;0.938374987037229;;llm_budget;5000.0
confirmacao;0.5;comprec;789;0.3;True;True;True;ml_rf;43497;18199;173;74;5000;125;133;125;0.9931314907412495;43.0;0.0;2.0;18029.0;1.0;0.9555555555555556;0.9772727272727273;0.9907834101382489;72.0;0.0;2.0;18125.0;1.0;0.972972972972973;0.9863013698630136;0.994475138121547;70.27;4.13;3.7300000000000004;18120.87;0.944489247311828;0.9495945945945945;0.947035040431267;0.9455059203444564;;llm_budget;5000.0
confirmacao;0.5;comprec;2024;0.3;True;True;True;ml_rf;43230;18466;173;74;5000;129;135;129;0.9930141882378425;27.0;0.0;3.0;18307.0;1.0;0.9;0.9473684210526315;0.9782608695652174;71.0;0.0;3.0;18392.0;1.0;0.9594594594594594;0.9793103448275862;0.9916201117318436;68.50999999999999;3.4600000000000004;5.49;18388.54;0.9519244129498403;0.9258108108108108;0.9386860313763101;0.9465845031502156;;llm_budget;5000.0
